pass,step,rule,detail,rows_before,rows_after,rows_removed
1,1. Scope,year >= 2000 and iso_code present,"Keeps modern data and drops aggregate regions (World, Africa, High-income...)",50411,5450,44961
1,1b. Train/validation/test split,"by country, stratified on co2 size quartiles, seed 42","Countries per split {'train': 130, 'validation': 45, 'test': 43}. See split_summary.csv",5450,5450,0
1,2. Reporting lag,keep year <= 2022,"Years [2023, 2024] dropped: ['gdp'] not yet published for most countries",5450,5014,436
1,3. Uncovered countries,drop countries with any feature 100% missing,55 countries dropped (mostly microstates/territories); 99.8% of CO2 emissions retained. See dropped_countries.csv,5014,3749,1265
1,4c. Residual gaps,< 5% missing (or not interpolable): drop rows,"Rows removed from: Montenegro, Serbia",3749,3737,12
1,4d. Outlier review,"flag, do not remove","Cross-sectional: raw-scale IQR flags 11.8% of values on average, log-scale 1.2%, so extremes are skew and handled by the log transform. Temporal: 92 events flagged for review {'level_shift': 62, 'spike_and_revert': 20, 'rebound': 10}. See outlier_review.csv",3737,3737,0
1,4e. Transform selection,highest mean Shapiro-Wilk W; prefer parameter-free within tolerance,"Selected asinh. asinh has the highest mean Shapiro-Wilk W (0.9860) of the parameter-free transforms; the best fitted option (box_cox) gains only +0.0052 W, within the 0.01 tolerance, so the simpler, interpretable transform is preferred. Log (lambda = 0) not rejected for 3 of 7 features. See transform_*.csv",3737,3737,0
1,5. SHAP selection,"keep required features, then top features by mean |SHAP| (4 total), fitted on training countries","Selected ['ghg_per_capita', 'methane', 'population', 'co2'] (required: ['co2']); discarded ['gdp', 'primary_energy_consumption', 'nitrous_oxide']",3737,3737,0
1,5b. Selection stability,30 country-level bootstrap resamples of the training split,"Selection frequency of chosen features: ghg_per_capita 87%, population 60%, methane 47%. See feature_stability.csv",3737,3737,0
2,6. Reporting lag,keep year <= 2024,Years [] dropped: [] not yet published for most countries,5450,5450,0
2,7. Uncovered countries,drop countries with any feature 100% missing,19 countries dropped (mostly microstates/territories); 100.0% of CO2 emissions retained. See dropped_countries_final.csv,5450,4975,475
2,9. Completeness report,"report, do not remove","Countries by completeness of ['ghg_per_capita', 'methane', 'population', 'co2']: {'complete': 199, 'missing': 19}. See completeness*.csv",4975,4975,0
