country,features_never_reported
Anguilla,"ghg_per_capita, methane"
Antarctica,"ghg_per_capita, methane, population"
Bermuda,"ghg_per_capita, methane"
Bonaire Sint Eustatius and Saba,"ghg_per_capita, methane"
Christmas Island,"ghg_per_capita, methane, population"
Curacao,"ghg_per_capita, methane"
Faroe Islands,"ghg_per_capita, methane"
French Polynesia,"ghg_per_capita, methane"
Greenland,"ghg_per_capita, methane"
Marshall Islands,"ghg_per_capita, methane"
Monaco,"ghg_per_capita, methane, co2"
Montserrat,"ghg_per_capita, methane"
New Caledonia,"ghg_per_capita, methane"
Palestine,"ghg_per_capita, methane"
Saint Pierre and Miquelon,"ghg_per_capita, methane"
San Marino,"ghg_per_capita, methane, co2"
Sint Maarten (Dutch part),"ghg_per_capita, methane"
Vatican,"ghg_per_capita, methane, co2"
Wallis and Futuna,"ghg_per_capita, methane"
