year,population,gdp,co2,primary_energy_consumption,methane,nitrous_oxide,ghg_per_capita
2000,0.9,24.8,1.4,7.8,8.7,7.8,8.7
2001,0.9,24.8,1.4,7.8,8.7,7.8,8.7
2002,0.9,24.8,1.4,7.8,8.7,7.8,8.7
2003,0.9,24.8,1.4,7.3,8.7,7.8,8.7
2004,0.9,24.8,1.4,7.3,8.7,7.8,8.7
2005,0.9,24.8,1.4,7.3,8.7,7.8,8.7
2006,0.9,24.8,1.4,6.4,8.7,7.8,8.7
2007,0.9,24.8,1.4,6.4,8.7,7.8,8.7
2008,0.9,24.8,1.4,6.4,8.7,7.8,8.7
2009,0.9,24.8,1.4,6.4,8.7,7.8,8.7
2010,0.9,24.8,1.4,6.4,8.7,7.8,8.7
2011,0.9,24.8,1.4,6.4,8.7,7.8,8.7
2012,0.9,24.8,1.4,6.0,8.7,7.8,8.7
2013,0.9,24.8,1.4,6.0,8.7,7.8,8.7
2014,0.9,24.8,1.4,6.0,8.7,7.8,8.7
2015,0.9,24.8,1.4,6.0,8.7,7.8,8.7
2016,0.9,24.8,1.4,6.0,8.7,7.8,8.7
2017,0.9,24.8,1.4,6.0,8.7,7.8,8.7
2018,0.9,24.8,1.4,6.0,8.7,7.8,8.7
2019,0.9,24.8,1.4,6.0,8.7,7.8,8.7
2020,0.9,24.8,1.4,6.0,8.7,7.8,8.7
2021,0.9,24.8,1.4,6.0,8.7,7.8,8.7
2022,0.9,24.8,1.4,6.0,8.7,7.8,8.7
2023,0.9,100.0,1.4,6.0,8.7,7.8,8.7
2024,0.9,100.0,1.4,6.0,8.7,7.8,8.7
