feature,transform,kind,shapiro_w,skew
population,none,parameter-free,0.5675,3.553
population,signed_log,parameter-free,0.9838,-0.436
population,asinh,parameter-free,0.9838,-0.436
population,cbrt,parameter-free,0.9332,1.027
population,box_cox,fitted,0.9948,-0.005
population,yeo_johnson,fitted,0.9948,-0.005
gdp,none,parameter-free,0.253,8.26
gdp,signed_log,parameter-free,0.9902,-0.048
gdp,asinh,parameter-free,0.9902,-0.048
gdp,cbrt,parameter-free,0.8293,2.055
gdp,box_cox,fitted,0.9904,-0.0
gdp,yeo_johnson,fitted,0.9904,-0.0
co2,none,parameter-free,0.2271,8.222
co2,signed_log,parameter-free,0.9755,0.339
co2,asinh,parameter-free,0.9837,0.156
co2,cbrt,parameter-free,0.8135,2.222
co2,box_cox,fitted,0.9937,-0.003
co2,yeo_johnson,fitted,0.9812,0.038
primary_energy_consumption,none,parameter-free,0.2456,7.891
primary_energy_consumption,signed_log,parameter-free,0.9876,0.101
primary_energy_consumption,asinh,parameter-free,0.9907,-0.005
primary_energy_consumption,cbrt,parameter-free,0.8223,2.086
primary_energy_consumption,box_cox,fitted,0.9922,-0.002
primary_energy_consumption,yeo_johnson,fitted,0.9881,0.009
methane,none,parameter-free,0.4073,5.13
methane,signed_log,parameter-free,0.986,0.215
methane,asinh,parameter-free,0.9867,-0.035
methane,cbrt,parameter-free,0.8973,1.455
methane,box_cox,fitted,0.9837,0.029
methane,yeo_johnson,fitted,0.988,0.008
nitrous_oxide,none,parameter-free,0.3824,5.722
nitrous_oxide,signed_log,parameter-free,0.9628,0.587
nitrous_oxide,asinh,parameter-free,0.9727,0.33
nitrous_oxide,cbrt,parameter-free,0.9051,1.435
nitrous_oxide,box_cox,fitted,0.9873,0.02
nitrous_oxide,yeo_johnson,fitted,0.9785,0.052
ghg_per_capita,none,parameter-free,0.6821,3.759
ghg_per_capita,signed_log,parameter-free,0.9879,0.344
ghg_per_capita,asinh,parameter-free,0.994,0.141
ghg_per_capita,cbrt,parameter-free,0.9573,0.891
ghg_per_capita,box_cox,fitted,0.9964,0.001
ghg_per_capita,yeo_johnson,fitted,0.9939,0.018
